{"cameraMode":{"drawMode":0,"name":"Shaded","section":"Shading Mode"},"sceneLighting":false,"audioPlay":false,"sceneViewState":{"showFog":true,"showMaterialUpdate":false,"showSkybox":false,"showFlares":true,"showImageEffects":true,"showParticleSystems":true},"in2DMode":false,"pivot":{"x":86.61668395996094,"y":55.426448822021487,"z":43.88994216918945},"rotation":{"x":0.1626499742269516,"y":-0.660493016242981,"z":0.14970745146274568,"w":0.7175731062889099},"size":475.34326171875,"orthographic":true}